"Channel","cost_per_conversions"
"Display",3.05983199833559
"Facebook",2.42280266180246
"Native",64.8981695025
"Snapchat",8.73415608856089
"Spotify",1.71949440933398
"Tiktok",3.21398713826367
"Twitter",1.09994850818094
"youtube",1.34555984555985
